"rules","support","confidence","lift","conviction"
"{atmosphere=Authentic,price=below $15} => {style=none}",0.000941119932719937,0.886792452830189,1.77122636793113,4.41078550141335
"{atmosphere=Cafe/Garden Dining,price=$15-$30} => {style=none}",0.00274326448473684,0.822822822822823,1.64345724331326,2.8182761214659
"{atmosphere=An Out Of The Way Find,price=$15-$30} => {style=none}",0.0013415964998348,0.817073170731707,1.63197323106472,2.7296936687992
"{atmosphere=Good Food,price=$30-$50} => {style=none}",0.000670798249917402,0.797619047619048,1.59311672556318,2.4672984380825
"{atmosphere=An Out Of The Way Find,price=$30-$50} => {style=none}",0.00103122716032078,0.792307692307692,1.58250814116793,2.40420174081231
"{atmosphere=Very Busy - Reservations a Must,price=over $50} => {cuisine=French}",0.000610726764850172,0.792207792207792,8.31422785473432,4.35394869895175
"{atmosphere=Great for People Watching,price=below $15} => {cuisine=American}",0.000871036533474835,0.783783783783784,2.69048727044397,3.27766041589491
"{atmosphere=Buffet Dining,price=$15-$30} => {style=none}",0.0018021445520169,0.775862068965517,1.54966063371818,2.22779877284738
"{atmosphere=Need To Dress,price=$15-$30} => {style=none}",0.00066078633573953,0.767441860465116,1.53284261133674,2.14713709314084
"{atmosphere=Romantic,price=$15-$30} => {style=none}",0.00502598091729158,0.764079147640791,1.5261261292521,2.11653273847491
"{atmosphere=Good Service,price=$30-$50} => {style=none}",0.000991179503609295,0.755725190839695,1.50944043406442,2.04414941280123
"{atmosphere=Old World Cafe Charm,price=$30-$50} => {style=none}",0.000770917391696118,0.733333333333333,1.46471627305511,1.87250327890189
"{atmosphere=Extraordinary Food,price=$15-$30} => {style=none}",0.0141868823900442,0.724067450178845,1.44620915054519,1.80962415644988
"{atmosphere=Little Known But Well Liked,price=$30-$50} => {style=none}",0.0010612629028544,0.716216216216216,1.43052756397888,1.75955863668241
"{atmosphere=Need To Dress,price=over $50} => {cuisine=French}",0.000670798249917402,0.705263157894737,7.40174314108272,3.06957422189548
"{atmosphere=No Smoking Allowed,price=$30-$50} => {style=none}",0.000650774421561658,0.691489361702128,1.38113961917672,1.61853156980945
"{atmosphere=Very Busy - Reservations a Must,price=$15-$30} => {style=none}",0.00327389593616404,0.691331923890063,1.38082516227855,1.61770602907871
"{atmosphere=Fabulous Views,price=$15-$30} => {style=none}",0.00115137013045524,0.68452380952381,1.36722704059527,1.58279522443028
"{atmosphere=Fair Decor,price=$15-$30} => {style=none}",0.00201239474975221,0.683673469387755,1.3655286219113,1.57854039855816
"{atmosphere=Little Known But Well Liked,price=$15-$30} => {style=none}",0.00260309768624663,0.680628272251309,1.35944632672892,1.56348907659131
"{atmosphere=Near-perfect Service,price=over $50} => {cuisine=French}",0.000680810164095273,0.673267326732673,7.06594660726974,2.76898114817239
"{atmosphere=Little Known But Well Liked,price=below $15} => {style=none}",0.000640762507383787,0.666666666666667,1.33156024823191,1.49800262312151
"{atmosphere=Parking/Valet,price=over $50} => {cuisine=French}",0.000620738679028043,0.666666666666667,6.99667262092396,2.71414983830759
"{atmosphere=Quirky,price=$15-$30} => {style=none}",0.00605720807761236,0.656894679695983,1.31204226413731,1.45533799145033
"{atmosphere=Creative,price=$15-$30} => {style=none}",0.00351418187643296,0.651205936920223,1.30067990852338,1.43160179762854
"{atmosphere=An Historic Spot,price=below $15} => {cuisine=American}",0.000510607623071455,0.645569620253165,2.21604080284931,1.99949940429111
"{atmosphere=Quiet for Conversation,price=over $50} => {cuisine=French}",0.000800953134229733,0.645161290322581,6.77097350411996,2.54965590871319
"{atmosphere=Place for Singles,price=below $15} => {cuisine=American}",0.000520619537249327,0.634146341463415,2.17682822049377,1.93706777732168
"{atmosphere=Excellent Decor,price=$30-$50} => {style=none}",0.00681811355513061,0.629972247918594,1.25826900422655,1.34945069632863
"{atmosphere=Excellent Service,price=$15-$30} => {style=none}",0.0364533795216307,0.627434085817681,1.25319943059083,1.34025735768951
"{atmosphere=Good Decor,price=$15-$30} => {style=none}",0.0242989157096945,0.619132653061224,1.23661864379803,1.31104493919097
"{atmosphere=Excellent Food,price=$30-$50} => {style=none}",0.0059370651074779,0.615145228215768,1.2286543991725,1.29746139145475
"{atmosphere=Extraordinary Service,price=$15-$30} => {style=none}",0.00422502778306184,0.613372093023256,1.22511284466686,1.29151103346817
"{atmosphere=Good Decor,price=$30-$50} => {style=none}",0.00130154884312332,0.613207547169811,1.22478419059068,1.29096161016976
"{atmosphere=Extraordinary Decor,price=$15-$30} => {style=none}",0.00571680299556472,0.610042735042735,1.21846298355837,1.28048443401072
"{atmosphere=Wheelchair Access,price=$15-$30} => {style=none}",0.0227070213554129,0.608695652173913,1.21577240055957,1.27607630858499
"{atmosphere=Near-perfect Food,price=over $50} => {cuisine=French}",0.000820976962585477,0.607407407407407,6.37474616573072,2.30446684384606
"{atmosphere=Warm spots by the fire,price=$15-$30} => {style=none}",0.00752895946175949,0.606451612903226,1.2112902903271,1.26880003597724
"{atmosphere=Excellent Decor,price=$15-$30} => {style=none}",0.0262512389743795,0.601238248108232,1.20087742634628,1.25221189178319
"{atmosphere=Pub Feel,price=$15-$30} => {cuisine=American}",0.00289344319740491,0.600831600831601,2.06246902164007,1.77539939194308
"{atmosphere=Creative,price=$30-$50} => {style=none}",0.00218259729077602,0.600550964187328,1.19950468642379,1.25005736136347
"{atmosphere=Good Food,price=$15-$30} => {style=none}",0.0155084550615232,0.595540176855056,1.18949643858779,1.23457060289577
"{atmosphere=Hip Place To Be,price=over $50} => {cuisine=French}",0.0006007148506723,0.594059405940594,6.23465877112036,2.22869214365094
"{atmosphere=Up and Coming,price=$15-$30} => {style=none}",0.00631751784623702,0.593045112781955,1.184512946383,1.22700137875388
"{atmosphere=No Smoking Allowed,price=$15-$30} => {style=none}",0.00174207306694967,0.591836734693878,1.18209940404262,1.22336880888257
"{atmosphere=An Historic Spot,price=$15-$30} => {style=none}",0.00197234709304072,0.584569732937685,1.16758472804905,1.20196877140941
"{atmosphere=Good Service,price=$15-$30} => {style=none}",0.0176109570388763,0.582450331125828,1.163351561245,1.19586780910044
"{atmosphere=Fabulous Wine Lists,price=$15-$30} => {style=none}",0.00175208498112754,0.577557755775578,1.15357942297319,1.18201769480682
"{atmosphere=Excellent Food,price=$15-$30} => {style=none}",0.0281735264965309,0.574051407588739,1.14657605218011,1.17228749338149
"{atmosphere=Singles Scene,price=$15-$30} => {style=none}",0.00560667193960813,0.573770491803279,1.14601496774058,1.17151487192836
"{atmosphere=Quiet for Conversation,price=over $50} => {style=none}",0.000710845906628888,0.57258064516129,1.14363843900564,1.16825361803187
"{atmosphere=Focus on Dessert,price=below $15} => {cuisine=Fountain and Ice Cream}",0.00167198966770457,0.571917808219178,10.2556054942082,2.20572977843634
"{atmosphere=Excellent Service,price=$30-$50} => {style=none}",0.00837997216687859,0.57172131147541,1.14192205714151,1.16590953761292
"{atmosphere=Parking/Valet,price=$15-$30} => {style=none}",0.0176209689530541,0.571614160441702,1.14170804005594,1.16561791169855
"{atmosphere=Health Conscious Menus,price=$30-$50} => {cuisine=American}",0.00204243049228582,0.569832402234637,1.95605836229157,1.64745865762075
"{atmosphere=Classic Hotel Dining,price=$15-$30} => {style=none}",0.00222264494748751,0.567774936061381,1.13403980220263,1.15526435037576
"{atmosphere=Relaxed Senior Scene,price=$15-$30} => {style=none}",0.0050159690031137,0.562921348314607,1.12434553544526,1.14243559089816
"{atmosphere=Near-perfect Decor,price=over $50} => {cuisine=French}",0.00078092930587399,0.561151079136691,5.88928558739643,2.06156736352325
"{atmosphere=Up and Coming,price=$30-$50} => {style=none}",0.00130154884312332,0.555555555555556,1.10963354019326,1.12350196734114
"{atmosphere=No Reservations,price=$15-$30} => {style=none}",0.00751894754758162,0.552205882352941,1.10294310267151,1.11509773806528
"{atmosphere=Authentic,price=$15-$30} => {style=none}",0.00147175138414713,0.550561797752809,1.09965930612411,1.11101861214846
"{atmosphere=Singles Scene,price=below $15} => {style=none}",0.00137163224236842,0.543650793650794,1.08585567861769,1.09419322036702
"{atmosphere=Fabulous Wine Lists,price=over $50} => {style=Power Brokers}",0.000670798249917402,0.540322580645161,6.48185919738402,1.99409578099693
"{atmosphere=Quiet for Conversation,price=$15-$30} => {style=none}",0.00169201349606031,0.538216560509554,1.07500166537194,1.08131683600036
"{atmosphere=Place for Singles,price=$15-$30} => {style=none}",0.00659785144321743,0.535772357723577,1.07011976046931,1.07562359978953
"{atmosphere=Good for Younger Kids,price=$15-$30} => {style=none}",0.0079494598572301,0.534680134680135,1.06793821928903,1.07309884000745
"{atmosphere=Classic Hotel Dining,price=$30-$50} => {cuisine=American}",0.00395470610025931,0.534506089309878,1.83479405802522,1.5224330907268
"{atmosphere=Romantic,price=over $50} => {cuisine=French}",0.000750893563340375,0.528169014084507,5.54313852009821,1.91745908974964
"{atmosphere=Place for Singles,price=$30-$50} => {cuisine=American}",0.00115137013045524,0.518018018018018,1.77819560977619,1.47035233610239
"{atmosphere=Fabulous Views,price=$15-$30} => {cuisine=American}",0.000871036533474835,0.517857142857143,1.77764337511476,1.46986172804897
"{atmosphere=Extraordinary Service,price=over $50} => {style=none}",0.000740881649162503,0.517482517482518,1.03358872415205,1.03485205365399
"{atmosphere=Fabulous Wine Lists,price=over $50} => {cuisine=French}",0.000640762507383787,0.516129032258065,5.41677880329597,1.86974766638967
"{atmosphere=An Out Of The Way Find,price=$30-$50} => {cuisine=American}",0.000670798249917402,0.515384615384615,1.76915595316461,1.46236243351811
"{atmosphere=Credit cards are not accepted,price=below $15} => {style=none}",0.000680810164095273,0.5,0.998670186173936,0.998668415414343
"{atmosphere=Relaxed Senior Scene,price=over $50} => {style=none}",0.000580691022316557,0.5,0.998670186173936,0.998668415414343
"{atmosphere=Near-perfect Decor,price=$30-$50} => {cuisine=American}",0.00167198966770457,0.498507462686567,1.71122190880837,1.41314831315933
"{atmosphere=Classic Hotel Dining,price=$15-$30} => {cuisine=American}",0.0019423113505071,0.49616368286445,1.70317643771468,1.40657453435578
"{atmosphere=Hip Place To Be,price=$15-$30} => {style=none}",0.00555661236871877,0.49597855227882,0.990637986285137,0.990700316355186
"{atmosphere=Extraordinary Food,price=over $50} => {style=none}",0.000560667193960813,0.491228070175439,0.981149656591937,0.981449994458923
